本研究独自の整理番号=id_review,引用元記事のURLのhttps://ebravo.jp/archives/以下の部分,引用元記事のURL
0,42930,https://ebravo.jp/archives/42930
1,42918,https://ebravo.jp/archives/42918
2,42937,https://ebravo.jp/archives/42937
3,42945,https://ebravo.jp/archives/42945
4,42951,https://ebravo.jp/archives/42951
5,42958,https://ebravo.jp/archives/42958
6,42963,https://ebravo.jp/archives/42963
7,42968,https://ebravo.jp/archives/42968
8,42973,https://ebravo.jp/archives/42973
9,42977,https://ebravo.jp/archives/42977
10,42987,https://ebravo.jp/archives/42987
11,42981,https://ebravo.jp/archives/42981
12,42997,https://ebravo.jp/archives/42997
13,43002,https://ebravo.jp/archives/43002
14,43011,https://ebravo.jp/archives/43011
15,43006,https://ebravo.jp/archives/43006
16,43782,https://ebravo.jp/archives/43782
17,43802,https://ebravo.jp/archives/43802
18,43809,https://ebravo.jp/archives/43809
19,43818,https://ebravo.jp/archives/43818
20,43827,https://ebravo.jp/archives/43827
21,43857,https://ebravo.jp/archives/43857
22,43860,https://ebravo.jp/archives/43860
23,43863,https://ebravo.jp/archives/43863
24,43872,https://ebravo.jp/archives/43872
25,43875,https://ebravo.jp/archives/43875
26,43903,https://ebravo.jp/archives/43903
27,43919,https://ebravo.jp/archives/43919
28,43923,https://ebravo.jp/archives/43923
29,43944,https://ebravo.jp/archives/43944
30,43956,https://ebravo.jp/archives/43956
31,43961,https://ebravo.jp/archives/43961
32,45018,https://ebravo.jp/archives/45018
33,45039,https://ebravo.jp/archives/45039
34,45467,https://ebravo.jp/archives/45467
35,45046,https://ebravo.jp/archives/45046
36,45058,https://ebravo.jp/archives/45058
37,45068,https://ebravo.jp/archives/45068
38,45076,https://ebravo.jp/archives/45076
39,45089,https://ebravo.jp/archives/45089
40,45100,https://ebravo.jp/archives/45100
41,45427,https://ebravo.jp/archives/45427
42,45434,https://ebravo.jp/archives/45434
43,45446,https://ebravo.jp/archives/45446
44,45452,https://ebravo.jp/archives/45452
45,45456,https://ebravo.jp/archives/45456
46,45474,https://ebravo.jp/archives/45474
47,45479,https://ebravo.jp/archives/45479
48,46046,https://ebravo.jp/archives/46046
49,46051,https://ebravo.jp/archives/46051
50,46056,https://ebravo.jp/archives/46056
51,46062,https://ebravo.jp/archives/46062
52,46069,https://ebravo.jp/archives/46069
53,46073,https://ebravo.jp/archives/46073
54,46078,https://ebravo.jp/archives/46078
55,46083,https://ebravo.jp/archives/46083
56,46090,https://ebravo.jp/archives/46090
57,46098,https://ebravo.jp/archives/46098
58,46107,https://ebravo.jp/archives/46107
59,46113,https://ebravo.jp/archives/46113
60,46118,https://ebravo.jp/archives/46118
61,46122,https://ebravo.jp/archives/46122
62,46132,https://ebravo.jp/archives/46132
63,46137,https://ebravo.jp/archives/46137
64,46697,https://ebravo.jp/archives/46697
65,46706,https://ebravo.jp/archives/46706
66,46713,https://ebravo.jp/archives/46713
67,46731,https://ebravo.jp/archives/46731
68,46736,https://ebravo.jp/archives/46736
69,46743,https://ebravo.jp/archives/46743
70,46755,https://ebravo.jp/archives/46755
71,46762,https://ebravo.jp/archives/46762
72,46769,https://ebravo.jp/archives/46769
73,46773,https://ebravo.jp/archives/46773
74,46779,https://ebravo.jp/archives/46779
75,46783,https://ebravo.jp/archives/46783
76,46787,https://ebravo.jp/archives/46787
77,46794,https://ebravo.jp/archives/46794
78,46798,https://ebravo.jp/archives/46798
79,46804,https://ebravo.jp/archives/46804
80,47581,https://ebravo.jp/archives/47581
81,47588,https://ebravo.jp/archives/47588
82,47916,https://ebravo.jp/archives/47916
83,47966,https://ebravo.jp/archives/47966
84,48053,https://ebravo.jp/archives/48053
85,48261,https://ebravo.jp/archives/48261
86,48280,https://ebravo.jp/archives/48280
87,48290,https://ebravo.jp/archives/48290
88,48296,https://ebravo.jp/archives/48296
89,48302,https://ebravo.jp/archives/48302
90,48309,https://ebravo.jp/archives/48309
91,48316,https://ebravo.jp/archives/48316
92,48322,https://ebravo.jp/archives/48322
93,48327,https://ebravo.jp/archives/48327
94,48333,https://ebravo.jp/archives/48333
95,48337,https://ebravo.jp/archives/48337
96,48885,https://ebravo.jp/archives/48885
97,48892,https://ebravo.jp/archives/48892
98,48898,https://ebravo.jp/archives/48898
99,48904,https://ebravo.jp/archives/48904
100,48909,https://ebravo.jp/archives/48909
101,48913,https://ebravo.jp/archives/48913
102,48917,https://ebravo.jp/archives/48917
103,48923,https://ebravo.jp/archives/48923
104,48928,https://ebravo.jp/archives/48928
105,48934,https://ebravo.jp/archives/48934
106,48938,https://ebravo.jp/archives/48938
107,48942,https://ebravo.jp/archives/48942
108,48948,https://ebravo.jp/archives/48948
109,48952,https://ebravo.jp/archives/48952
110,48957,https://ebravo.jp/archives/48957
111,48961,https://ebravo.jp/archives/48961
112,49860,https://ebravo.jp/archives/49860
113,49869,https://ebravo.jp/archives/49869
114,49884,https://ebravo.jp/archives/49884
115,49878,https://ebravo.jp/archives/49878
116,50024,https://ebravo.jp/archives/50024
117,50031,https://ebravo.jp/archives/50031
118,50035,https://ebravo.jp/archives/50035
119,50039,https://ebravo.jp/archives/50039
120,50044,https://ebravo.jp/archives/50044
121,50050,https://ebravo.jp/archives/50050
122,50060,https://ebravo.jp/archives/50060
123,50216,https://ebravo.jp/archives/50216
124,50222,https://ebravo.jp/archives/50222
125,50227,https://ebravo.jp/archives/50227
126,50232,https://ebravo.jp/archives/50232
127,50238,https://ebravo.jp/archives/50238
128,50242,https://ebravo.jp/archives/50242
129,50734,https://ebravo.jp/archives/50734
130,50741,https://ebravo.jp/archives/50741
131,50745,https://ebravo.jp/archives/50745
132,50751,https://ebravo.jp/archives/50751
133,50777,https://ebravo.jp/archives/50777
134,50783,https://ebravo.jp/archives/50783
135,50787,https://ebravo.jp/archives/50787
136,50793,https://ebravo.jp/archives/50793
137,50815,https://ebravo.jp/archives/50815
138,50822,https://ebravo.jp/archives/50822
139,50957,https://ebravo.jp/archives/50957
140,50965,https://ebravo.jp/archives/50965
141,50994,https://ebravo.jp/archives/50994
142,51000,https://ebravo.jp/archives/51000
143,51006,https://ebravo.jp/archives/51006
144,51011,https://ebravo.jp/archives/51011
145,51015,https://ebravo.jp/archives/51015
146,51020,https://ebravo.jp/archives/51020
147,51024,https://ebravo.jp/archives/51024
148,51028,https://ebravo.jp/archives/51028
149,51429,https://ebravo.jp/archives/51429
150,51434,https://ebravo.jp/archives/51434
151,51439,https://ebravo.jp/archives/51439
152,51445,https://ebravo.jp/archives/51445
153,51619,https://ebravo.jp/archives/51619
154,51626,https://ebravo.jp/archives/51626
155,51642,https://ebravo.jp/archives/51642
156,51649,https://ebravo.jp/archives/51649
157,51664,https://ebravo.jp/archives/51664
158,51669,https://ebravo.jp/archives/51669
159,51704,https://ebravo.jp/archives/51704
160,51711,https://ebravo.jp/archives/51711
161,52000,https://ebravo.jp/archives/52000
162,52031,https://ebravo.jp/archives/52031
163,52037,https://ebravo.jp/archives/52037
164,52043,https://ebravo.jp/archives/52043
165,52134,https://ebravo.jp/archives/52134
166,52222,https://ebravo.jp/archives/52222
167,52227,https://ebravo.jp/archives/52227
168,52233,https://ebravo.jp/archives/52233
169,52238,https://ebravo.jp/archives/52238
170,52242,https://ebravo.jp/archives/52242
171,52247,https://ebravo.jp/archives/52247
172,52253,https://ebravo.jp/archives/52253
173,52260,https://ebravo.jp/archives/52260
174,52399,https://ebravo.jp/archives/52399
175,52405,https://ebravo.jp/archives/52405
176,52410,https://ebravo.jp/archives/52410
177,52791,https://ebravo.jp/archives/52791
178,52811,https://ebravo.jp/archives/52811
179,52829,https://ebravo.jp/archives/52829
180,52839,https://ebravo.jp/archives/52839
181,52843,https://ebravo.jp/archives/52843
182,52847,https://ebravo.jp/archives/52847
183,52854,https://ebravo.jp/archives/52854
184,52858,https://ebravo.jp/archives/52858
185,52865,https://ebravo.jp/archives/52865
186,52869,https://ebravo.jp/archives/52869
187,52873,https://ebravo.jp/archives/52873
188,52877,https://ebravo.jp/archives/52877
189,52882,https://ebravo.jp/archives/52882
190,52886,https://ebravo.jp/archives/52886
191,52890,https://ebravo.jp/archives/52890
192,52894,https://ebravo.jp/archives/52894
193,53481,https://ebravo.jp/archives/53481
194,53485,https://ebravo.jp/archives/53485
195,53489,https://ebravo.jp/archives/53489
196,53493,https://ebravo.jp/archives/53493
197,53498,https://ebravo.jp/archives/53498
198,53502,https://ebravo.jp/archives/53502
199,53506,https://ebravo.jp/archives/53506
200,53510,https://ebravo.jp/archives/53510
201,53514,https://ebravo.jp/archives/53514
202,53518,https://ebravo.jp/archives/53518
203,53523,https://ebravo.jp/archives/53523
204,53528,https://ebravo.jp/archives/53528
205,53532,https://ebravo.jp/archives/53532
206,53536,https://ebravo.jp/archives/53536
207,53540,https://ebravo.jp/archives/53540
208,53544,https://ebravo.jp/archives/53544
209,54744,https://ebravo.jp/archives/54744
210,54971,https://ebravo.jp/archives/54971
211,54978,https://ebravo.jp/archives/54978
212,54983,https://ebravo.jp/archives/54983
213,54987,https://ebravo.jp/archives/54987
214,54991,https://ebravo.jp/archives/54991
215,54995,https://ebravo.jp/archives/54995
216,55000,https://ebravo.jp/archives/55000
217,55009,https://ebravo.jp/archives/55009
218,55020,https://ebravo.jp/archives/55020
219,55025,https://ebravo.jp/archives/55025
220,55030,https://ebravo.jp/archives/55030
221,55034,https://ebravo.jp/archives/55034
222,55038,https://ebravo.jp/archives/55038
223,55042,https://ebravo.jp/archives/55042
224,55047,https://ebravo.jp/archives/55047
225,55431,https://ebravo.jp/archives/55431
226,55436,https://ebravo.jp/archives/55436
227,55441,https://ebravo.jp/archives/55441
228,55445,https://ebravo.jp/archives/55445
229,55449,https://ebravo.jp/archives/55449
230,55453,https://ebravo.jp/archives/55453
231,55458,https://ebravo.jp/archives/55458
232,55462,https://ebravo.jp/archives/55462
233,55467,https://ebravo.jp/archives/55467
234,55471,https://ebravo.jp/archives/55471
235,55475,https://ebravo.jp/archives/55475
236,55479,https://ebravo.jp/archives/55479
237,55483,https://ebravo.jp/archives/55483
238,55488,https://ebravo.jp/archives/55488
239,55492,https://ebravo.jp/archives/55492
240,55496,https://ebravo.jp/archives/55496
241,56179,https://ebravo.jp/archives/56179
242,56185,https://ebravo.jp/archives/56185
243,56189,https://ebravo.jp/archives/56189
244,56193,https://ebravo.jp/archives/56193
245,56197,https://ebravo.jp/archives/56197
246,56201,https://ebravo.jp/archives/56201
247,56205,https://ebravo.jp/archives/56205
248,56210,https://ebravo.jp/archives/56210
249,56214,https://ebravo.jp/archives/56214
250,56218,https://ebravo.jp/archives/56218
251,56223,https://ebravo.jp/archives/56223
252,56227,https://ebravo.jp/archives/56227
253,56231,https://ebravo.jp/archives/56231
254,56235,https://ebravo.jp/archives/56235
255,56240,https://ebravo.jp/archives/56240
256,56244,https://ebravo.jp/archives/56244
257,56932,https://ebravo.jp/archives/56932
258,56938,https://ebravo.jp/archives/56938
259,56943,https://ebravo.jp/archives/56943
260,56947,https://ebravo.jp/archives/56947
261,56955,https://ebravo.jp/archives/56955
262,56959,https://ebravo.jp/archives/56959
263,56963,https://ebravo.jp/archives/56963
264,56969,https://ebravo.jp/archives/56969
265,56974,https://ebravo.jp/archives/56974
266,56978,https://ebravo.jp/archives/56978
267,56986,https://ebravo.jp/archives/56986
268,56997,https://ebravo.jp/archives/56997
269,57003,https://ebravo.jp/archives/57003
270,57013,https://ebravo.jp/archives/57013
271,57018,https://ebravo.jp/archives/57018
272,57031,https://ebravo.jp/archives/57031
273,57701,https://ebravo.jp/archives/57701
274,57707,https://ebravo.jp/archives/57707
275,57712,https://ebravo.jp/archives/57712
276,57716,https://ebravo.jp/archives/57716
277,57720,https://ebravo.jp/archives/57720
278,57724,https://ebravo.jp/archives/57724
279,57728,https://ebravo.jp/archives/57728
280,57732,https://ebravo.jp/archives/57732
281,57737,https://ebravo.jp/archives/57737
282,57741,https://ebravo.jp/archives/57741
283,57746,https://ebravo.jp/archives/57746
284,57751,https://ebravo.jp/archives/57751
285,57755,https://ebravo.jp/archives/57755
286,57759,https://ebravo.jp/archives/57759
287,57763,https://ebravo.jp/archives/57763
288,57767,https://ebravo.jp/archives/57767
289,58824,https://ebravo.jp/archives/58824
290,58829,https://ebravo.jp/archives/58829
291,58833,https://ebravo.jp/archives/58833
292,58837,https://ebravo.jp/archives/58837
293,58841,https://ebravo.jp/archives/58841
294,58845,https://ebravo.jp/archives/58845
295,58850,https://ebravo.jp/archives/58850
296,58854,https://ebravo.jp/archives/58854
297,58859,https://ebravo.jp/archives/58859
298,58864,https://ebravo.jp/archives/58864
299,58869,https://ebravo.jp/archives/58869
300,58874,https://ebravo.jp/archives/58874
301,58881,https://ebravo.jp/archives/58881
302,58885,https://ebravo.jp/archives/58885
303,58891,https://ebravo.jp/archives/58891
304,58897,https://ebravo.jp/archives/58897
305,59831,https://ebravo.jp/archives/59831
306,59836,https://ebravo.jp/archives/59836
307,59840,https://ebravo.jp/archives/59840
308,59844,https://ebravo.jp/archives/59844
309,59850,https://ebravo.jp/archives/59850
310,59855,https://ebravo.jp/archives/59855
311,59876,https://ebravo.jp/archives/59876
312,59891,https://ebravo.jp/archives/59891
313,59896,https://ebravo.jp/archives/59896
314,59901,https://ebravo.jp/archives/59901
315,59911,https://ebravo.jp/archives/59911
316,59919,https://ebravo.jp/archives/59919
317,59924,https://ebravo.jp/archives/59924
318,59929,https://ebravo.jp/archives/59929
319,59934,https://ebravo.jp/archives/59934
320,59939,https://ebravo.jp/archives/59939
321,60653,https://ebravo.jp/archives/60653
322,60749,https://ebravo.jp/archives/60749
323,60662,https://ebravo.jp/archives/60662
324,60666,https://ebravo.jp/archives/60666
325,60670,https://ebravo.jp/archives/60670
326,60674,https://ebravo.jp/archives/60674
327,60679,https://ebravo.jp/archives/60679
328,60691,https://ebravo.jp/archives/60691
329,60706,https://ebravo.jp/archives/60706
330,60712,https://ebravo.jp/archives/60712
331,60719,https://ebravo.jp/archives/60719
332,60737,https://ebravo.jp/archives/60737
333,60741,https://ebravo.jp/archives/60741
334,60745,https://ebravo.jp/archives/60745
335,60754,https://ebravo.jp/archives/60754
336,60762,https://ebravo.jp/archives/60762
337,61334,https://ebravo.jp/archives/61334
338,61338,https://ebravo.jp/archives/61338
339,61342,https://ebravo.jp/archives/61342
340,61346,https://ebravo.jp/archives/61346
341,61354,https://ebravo.jp/archives/61354
342,61358,https://ebravo.jp/archives/61358
343,61362,https://ebravo.jp/archives/61362
344,61366,https://ebravo.jp/archives/61366
345,61371,https://ebravo.jp/archives/61371
346,61375,https://ebravo.jp/archives/61375
347,61379,https://ebravo.jp/archives/61379
348,61383,https://ebravo.jp/archives/61383
349,61387,https://ebravo.jp/archives/61387
350,61391,https://ebravo.jp/archives/61391
351,61395,https://ebravo.jp/archives/61395
352,61399,https://ebravo.jp/archives/61399
353,62008,https://ebravo.jp/archives/62008
354,62012,https://ebravo.jp/archives/62012
355,62016,https://ebravo.jp/archives/62016
356,62020,https://ebravo.jp/archives/62020
357,62026,https://ebravo.jp/archives/62026
358,62030,https://ebravo.jp/archives/62030
359,62034,https://ebravo.jp/archives/62034
360,62038,https://ebravo.jp/archives/62038
361,62042,https://ebravo.jp/archives/62042
362,62046,https://ebravo.jp/archives/62046
363,62050,https://ebravo.jp/archives/62050
364,62054,https://ebravo.jp/archives/62054
365,62058,https://ebravo.jp/archives/62058
366,62062,https://ebravo.jp/archives/62062
367,62066,https://ebravo.jp/archives/62066
368,62070,https://ebravo.jp/archives/62070
369,62654,https://ebravo.jp/archives/62654
370,62658,https://ebravo.jp/archives/62658
371,62663,https://ebravo.jp/archives/62663
372,62667,https://ebravo.jp/archives/62667
373,62671,https://ebravo.jp/archives/62671
374,62675,https://ebravo.jp/archives/62675
375,62679,https://ebravo.jp/archives/62679
376,62683,https://ebravo.jp/archives/62683
377,62687,https://ebravo.jp/archives/62687
378,62692,https://ebravo.jp/archives/62692
379,62696,https://ebravo.jp/archives/62696
380,62700,https://ebravo.jp/archives/62700
381,62704,https://ebravo.jp/archives/62704
382,62711,https://ebravo.jp/archives/62711
383,62720,https://ebravo.jp/archives/62720
384,62726,https://ebravo.jp/archives/62726
385,63591,https://ebravo.jp/archives/63591
386,63618,https://ebravo.jp/archives/63618
387,63625,https://ebravo.jp/archives/63625
388,63630,https://ebravo.jp/archives/63630
389,63639,https://ebravo.jp/archives/63639
390,63647,https://ebravo.jp/archives/63647
391,63652,https://ebravo.jp/archives/63652
392,63656,https://ebravo.jp/archives/63656
393,63662,https://ebravo.jp/archives/63662
394,63667,https://ebravo.jp/archives/63667
395,63671,https://ebravo.jp/archives/63671
396,63688,https://ebravo.jp/archives/63688
397,63692,https://ebravo.jp/archives/63692
398,63696,https://ebravo.jp/archives/63696
399,63700,https://ebravo.jp/archives/63700
400,63706,https://ebravo.jp/archives/63706
401,64468,https://ebravo.jp/archives/64468
402,64474,https://ebravo.jp/archives/64474
403,64478,https://ebravo.jp/archives/64478
404,64482,https://ebravo.jp/archives/64482
405,64486,https://ebravo.jp/archives/64486
406,64490,https://ebravo.jp/archives/64490
407,64495,https://ebravo.jp/archives/64495
408,64499,https://ebravo.jp/archives/64499
409,64505,https://ebravo.jp/archives/64505
410,64509,https://ebravo.jp/archives/64509
411,64515,https://ebravo.jp/archives/64515
412,64519,https://ebravo.jp/archives/64519
413,65804,https://ebravo.jp/archives/65804
414,65810,https://ebravo.jp/archives/65810
415,65814,https://ebravo.jp/archives/65814
416,65818,https://ebravo.jp/archives/65818
417,65825,https://ebravo.jp/archives/65825
418,65830,https://ebravo.jp/archives/65830
419,65834,https://ebravo.jp/archives/65834
420,65838,https://ebravo.jp/archives/65838
421,65843,https://ebravo.jp/archives/65843
422,65847,https://ebravo.jp/archives/65847
423,65851,https://ebravo.jp/archives/65851
424,65855,https://ebravo.jp/archives/65855
425,66962,https://ebravo.jp/archives/66962
426,66966,https://ebravo.jp/archives/66966
427,66970,https://ebravo.jp/archives/66970
428,66975,https://ebravo.jp/archives/66975
429,66984,https://ebravo.jp/archives/66984
430,66988,https://ebravo.jp/archives/66988
431,66992,https://ebravo.jp/archives/66992
432,66996,https://ebravo.jp/archives/66996
433,67008,https://ebravo.jp/archives/67008
434,67015,https://ebravo.jp/archives/67015
435,67024,https://ebravo.jp/archives/67024
436,67028,https://ebravo.jp/archives/67028
437,67449,https://ebravo.jp/archives/67449
438,67454,https://ebravo.jp/archives/67454
439,67458,https://ebravo.jp/archives/67458
440,67462,https://ebravo.jp/archives/67462
441,67473,https://ebravo.jp/archives/67473
442,67477,https://ebravo.jp/archives/67477
443,67481,https://ebravo.jp/archives/67481
444,67485,https://ebravo.jp/archives/67485
445,67490,https://ebravo.jp/archives/67490
446,67494,https://ebravo.jp/archives/67494
447,67500,https://ebravo.jp/archives/67500
448,67504,https://ebravo.jp/archives/67504
449,68028,https://ebravo.jp/archives/68028
450,68033,https://ebravo.jp/archives/68033
451,68037,https://ebravo.jp/archives/68037
452,68041,https://ebravo.jp/archives/68041
453,68048,https://ebravo.jp/archives/68048
454,68053,https://ebravo.jp/archives/68053
455,68094,https://ebravo.jp/archives/68094
456,68098,https://ebravo.jp/archives/68098
457,68102,https://ebravo.jp/archives/68102
458,68106,https://ebravo.jp/archives/68106
459,68110,https://ebravo.jp/archives/68110
460,68116,https://ebravo.jp/archives/68116
461,68641,https://ebravo.jp/archives/68641
462,68645,https://ebravo.jp/archives/68645
463,68650,https://ebravo.jp/archives/68650
464,68654,https://ebravo.jp/archives/68654
465,68658,https://ebravo.jp/archives/68658
466,68662,https://ebravo.jp/archives/68662
467,68666,https://ebravo.jp/archives/68666
468,68670,https://ebravo.jp/archives/68670
469,68679,https://ebravo.jp/archives/68679
470,68684,https://ebravo.jp/archives/68684
471,68688,https://ebravo.jp/archives/68688
472,68692,https://ebravo.jp/archives/68692
473,68696,https://ebravo.jp/archives/68696
474,68701,https://ebravo.jp/archives/68701
475,68706,https://ebravo.jp/archives/68706
476,68710,https://ebravo.jp/archives/68710
477,69365,https://ebravo.jp/archives/69365
478,69370,https://ebravo.jp/archives/69370
479,69374,https://ebravo.jp/archives/69374
480,69378,https://ebravo.jp/archives/69378
481,69382,https://ebravo.jp/archives/69382
482,69387,https://ebravo.jp/archives/69387
483,69391,https://ebravo.jp/archives/69391
484,69396,https://ebravo.jp/archives/69396
485,69400,https://ebravo.jp/archives/69400
486,69404,https://ebravo.jp/archives/69404
487,69408,https://ebravo.jp/archives/69408
488,69412,https://ebravo.jp/archives/69412
489,69417,https://ebravo.jp/archives/69417
490,69424,https://ebravo.jp/archives/69424
491,69428,https://ebravo.jp/archives/69428
492,69432,https://ebravo.jp/archives/69432
493,70051,https://ebravo.jp/archives/70051
494,70055,https://ebravo.jp/archives/70055
495,70059,https://ebravo.jp/archives/70059
496,70070,https://ebravo.jp/archives/70070
497,70074,https://ebravo.jp/archives/70074
498,70105,https://ebravo.jp/archives/70105
499,70109,https://ebravo.jp/archives/70109
500,70113,https://ebravo.jp/archives/70113
501,70117,https://ebravo.jp/archives/70117
502,70121,https://ebravo.jp/archives/70121
503,70125,https://ebravo.jp/archives/70125
504,70129,https://ebravo.jp/archives/70129
505,70140,https://ebravo.jp/archives/70140
506,70142,https://ebravo.jp/archives/70142
507,70148,https://ebravo.jp/archives/70148
508,70151,https://ebravo.jp/archives/70151
509,70821,https://ebravo.jp/archives/70821
510,70825,https://ebravo.jp/archives/70825
511,70829,https://ebravo.jp/archives/70829
512,70833,https://ebravo.jp/archives/70833
513,70837,https://ebravo.jp/archives/70837
514,70842,https://ebravo.jp/archives/70842
515,70848,https://ebravo.jp/archives/70848
516,70853,https://ebravo.jp/archives/70853
517,70861,https://ebravo.jp/archives/70861
518,70857,https://ebravo.jp/archives/70857
519,70865,https://ebravo.jp/archives/70865
520,70869,https://ebravo.jp/archives/70869
521,70874,https://ebravo.jp/archives/70874
522,70878,https://ebravo.jp/archives/70878
523,70882,https://ebravo.jp/archives/70882
524,70886,https://ebravo.jp/archives/70886
525,72944,https://ebravo.jp/archives/72944
526,72948,https://ebravo.jp/archives/72948
527,72952,https://ebravo.jp/archives/72952
528,72956,https://ebravo.jp/archives/72956
529,72960,https://ebravo.jp/archives/72960
530,72964,https://ebravo.jp/archives/72964
531,72968,https://ebravo.jp/archives/72968
532,72972,https://ebravo.jp/archives/72972
533,72976,https://ebravo.jp/archives/72976
534,72980,https://ebravo.jp/archives/72980
535,72984,https://ebravo.jp/archives/72984
536,72988,https://ebravo.jp/archives/72988
537,72992,https://ebravo.jp/archives/72992
538,72996,https://ebravo.jp/archives/72996
539,73000,https://ebravo.jp/archives/73000
540,73004,https://ebravo.jp/archives/73004
541,81822,https://ebravo.jp/archives/81822
542,81812,https://ebravo.jp/archives/81812
543,81824,https://ebravo.jp/archives/81824
544,81828,https://ebravo.jp/archives/81828
545,81833,https://ebravo.jp/archives/81833
546,81838,https://ebravo.jp/archives/81838
547,81842,https://ebravo.jp/archives/81842
548,81846,https://ebravo.jp/archives/81846
549,81853,https://ebravo.jp/archives/81853
550,81857,https://ebravo.jp/archives/81857
551,81862,https://ebravo.jp/archives/81862
552,81866,https://ebravo.jp/archives/81866
553,81870,https://ebravo.jp/archives/81870
554,81934,https://ebravo.jp/archives/81934
555,81940,https://ebravo.jp/archives/81940
556,81945,https://ebravo.jp/archives/81945
557,85461,https://ebravo.jp/archives/85461
558,85623,https://ebravo.jp/archives/85623
559,85630,https://ebravo.jp/archives/85630
560,85634,https://ebravo.jp/archives/85634
561,85639,https://ebravo.jp/archives/85639
562,85643,https://ebravo.jp/archives/85643
563,85647,https://ebravo.jp/archives/85647
564,85651,https://ebravo.jp/archives/85651
565,85656,https://ebravo.jp/archives/85656
566,85660,https://ebravo.jp/archives/85660
567,85664,https://ebravo.jp/archives/85664
568,85668,https://ebravo.jp/archives/85668
569,85672,https://ebravo.jp/archives/85672
570,85676,https://ebravo.jp/archives/85676
571,85681,https://ebravo.jp/archives/85681
572,85685,https://ebravo.jp/archives/85685
573,89137,https://ebravo.jp/archives/89137
574,89150,https://ebravo.jp/archives/89150
575,89166,https://ebravo.jp/archives/89166
576,89179,https://ebravo.jp/archives/89179
577,89203,https://ebravo.jp/archives/89203
578,89207,https://ebravo.jp/archives/89207
579,89213,https://ebravo.jp/archives/89213
580,89217,https://ebravo.jp/archives/89217
581,89235,https://ebravo.jp/archives/89235
582,89240,https://ebravo.jp/archives/89240
583,89251,https://ebravo.jp/archives/89251
584,89260,https://ebravo.jp/archives/89260
585,89264,https://ebravo.jp/archives/89264
586,89268,https://ebravo.jp/archives/89268
587,89272,https://ebravo.jp/archives/89272
588,89277,https://ebravo.jp/archives/89277
589,91477,https://ebravo.jp/archives/91477
590,91482,https://ebravo.jp/archives/91482
591,91490,https://ebravo.jp/archives/91490
592,91502,https://ebravo.jp/archives/91502
593,91519,https://ebravo.jp/archives/91519
594,91528,https://ebravo.jp/archives/91528
595,91532,https://ebravo.jp/archives/91532
596,91536,https://ebravo.jp/archives/91536
597,91540,https://ebravo.jp/archives/91540
598,91544,https://ebravo.jp/archives/91544
599,91548,https://ebravo.jp/archives/91548
600,91553,https://ebravo.jp/archives/91553
601,91557,https://ebravo.jp/archives/91557
602,91561,https://ebravo.jp/archives/91561
603,91569,https://ebravo.jp/archives/91569
604,91573,https://ebravo.jp/archives/91573
605,93855,https://ebravo.jp/archives/93855
606,94025,https://ebravo.jp/archives/94025
607,94029,https://ebravo.jp/archives/94029
608,94033,https://ebravo.jp/archives/94033
609,94037,https://ebravo.jp/archives/94037
610,94041,https://ebravo.jp/archives/94041
611,94046,https://ebravo.jp/archives/94046
612,94052,https://ebravo.jp/archives/94052
613,94059,https://ebravo.jp/archives/94059
614,94063,https://ebravo.jp/archives/94063
615,94068,https://ebravo.jp/archives/94068
616,94072,https://ebravo.jp/archives/94072
617,94076,https://ebravo.jp/archives/94076
618,94080,https://ebravo.jp/archives/94080
619,94084,https://ebravo.jp/archives/94084
620,94088,https://ebravo.jp/archives/94088
621,96627,https://ebravo.jp/archives/96627
622,96631,https://ebravo.jp/archives/96631
623,96636,https://ebravo.jp/archives/96636
624,96641,https://ebravo.jp/archives/96641
625,96645,https://ebravo.jp/archives/96645
626,96649,https://ebravo.jp/archives/96649
627,96653,https://ebravo.jp/archives/96653
628,96657,https://ebravo.jp/archives/96657
629,96661,https://ebravo.jp/archives/96661
630,96665,https://ebravo.jp/archives/96665
631,96670,https://ebravo.jp/archives/96670
632,96674,https://ebravo.jp/archives/96674
633,96682,https://ebravo.jp/archives/96682
634,96680,https://ebravo.jp/archives/96680
635,96687,https://ebravo.jp/archives/96687
636,96694,https://ebravo.jp/archives/96694
637,100047,https://ebravo.jp/archives/100047
638,100051,https://ebravo.jp/archives/100051
639,100055,https://ebravo.jp/archives/100055
640,100059,https://ebravo.jp/archives/100059
641,100640,https://ebravo.jp/archives/100640
642,100645,https://ebravo.jp/archives/100645
643,100651,https://ebravo.jp/archives/100651
644,100654,https://ebravo.jp/archives/100654
645,101277,https://ebravo.jp/archives/101277
646,101285,https://ebravo.jp/archives/101285
647,101292,https://ebravo.jp/archives/101292
648,101298,https://ebravo.jp/archives/101298
649,101307,https://ebravo.jp/archives/101307
650,101316,https://ebravo.jp/archives/101316
651,101323,https://ebravo.jp/archives/101323
652,101330,https://ebravo.jp/archives/101330
653,102827,https://ebravo.jp/archives/102827
654,102832,https://ebravo.jp/archives/102832
655,102836,https://ebravo.jp/archives/102836
656,102840,https://ebravo.jp/archives/102840
657,102844,https://ebravo.jp/archives/102844
658,102850,https://ebravo.jp/archives/102850
659,102854,https://ebravo.jp/archives/102854
660,102858,https://ebravo.jp/archives/102858
661,103375,https://ebravo.jp/archives/103375
662,103379,https://ebravo.jp/archives/103379
663,103384,https://ebravo.jp/archives/103384
664,103390,https://ebravo.jp/archives/103390
665,103397,https://ebravo.jp/archives/103397
666,103401,https://ebravo.jp/archives/103401
667,103405,https://ebravo.jp/archives/103405
668,103409,https://ebravo.jp/archives/103409
669,105684,https://ebravo.jp/archives/105684
670,105692,https://ebravo.jp/archives/105692
671,105703,https://ebravo.jp/archives/105703
672,105704,https://ebravo.jp/archives/105704
673,105929,https://ebravo.jp/archives/105929
674,105934,https://ebravo.jp/archives/105934
675,105938,https://ebravo.jp/archives/105938
676,105942,https://ebravo.jp/archives/105942
677,106160,https://ebravo.jp/archives/106160
678,106165,https://ebravo.jp/archives/106165
679,106169,https://ebravo.jp/archives/106169
680,106173,https://ebravo.jp/archives/106173
681,106177,https://ebravo.jp/archives/106177
682,106183,https://ebravo.jp/archives/106183
683,106190,https://ebravo.jp/archives/106190
684,106194,https://ebravo.jp/archives/106194
685,107255,https://ebravo.jp/archives/107255
686,107259,https://ebravo.jp/archives/107259